s,e,it,v,n,wr,pf,ret,dd,expo,avg
XU100,BIST_DLY,4h,E2_ST,46,78.26086956521739,6.71409302924577,414.39390202314826,-25.23179317325226,38.38,3.9198707259418653
XU100,BIST_DLY,4h,E1_ST,65,61.53846153846154,2.8576946403709496,395.25525008642387,-31.73452727563695,62.9,2.810451520038554
XU100,BIST_DLY,4h,ST_ONLY,95,56.8421052631579,3.317028993745327,1057.5336788337977,-20.461847849425364,60.46,2.874566873099657
XU100,BIST_DLY,4h,E2_TIME20,47,68.08510638297872,3.5361009514176307,195.3873647610845,-21.399751273504684,19.74,2.455322864780462
XU100,BIST_DLY,4h,E2_RSI50,47,68.08510638297872,2.155204110501171,29.967095125017718,-17.711988316533976,7.18,0.5822446788817048
XU100,BIST_DLY,1h,E2_ST,42,61.904761904761905,1.7392452706100396,28.679614852203294,-14.947079472932511,42.0,0.6518765773294551
XU100,BIST_DLY,1h,E1_ST,79,45.56962025316456,1.419616714145082,34.400687259130436,-16.018588343935658,70.32,0.4239665959728492
XU100,BIST_DLY,1h,ST_ONLY,99,42.42424242424242,1.4158368352838648,35.862602718794776,-14.43645040810292,57.62,0.3424174905895488
XU100,BIST_DLY,1h,E2_TIME20,44,43.18181818181818,0.6207433985111293,-16.195740071301657,-18.168616892453272,18.48,-0.3762701729315872
XU100,BIST_DLY,1h,E2_RSI50,43,58.13953488372093,0.5093836414621966,-15.06351595539609,-21.922367539169695,10.66,-0.3608015551475259
THYAO,BIST,4h,E2_ST,38,50.0,2.3881333813596997,353.44539184816625,-26.39182250307813,33.54,4.845675847455781
THYAO,BIST,4h,E1_ST,76,56.578947368421055,2.2351549464395557,1860.1222831642422,-38.59610234086732,67.68,4.622427268238001
THYAO,BIST,4h,ST_ONLY,96,41.666666666666664,1.7594895054588793,1136.5021501785086,-30.024748436285186,63.16,3.1776816638333196
THYAO,BIST,4h,E2_TIME20,40,67.5,1.671887742522736,75.26102311513748,-31.007958281463168,16.8,1.74656117095774
THYAO,BIST,4h,E2_RSI50,39,69.23076923076923,0.9382989098479991,-3.0621458482745223,-38.172597624192825,6.18,0.10196520351137685
THYAO,BIST,1h,E2_ST,44,43.18181818181818,0.9340598939147184,-4.08884742738379,-22.901052045301494,38.7,-0.022720764897839574
THYAO,BIST,1h,E1_ST,78,48.717948717948715,1.268896051490555,28.36509940644718,-23.961752239432233,70.14,0.3919373416585133
THYAO,BIST,1h,ST_ONLY,102,36.27450980392157,0.9547575512699917,-5.235698701990421,-26.999817763556898,54.66,-0.011112990896282942
THYAO,BIST,1h,E2_TIME20,50,50.0,0.9073133159546846,-5.313186257254399,-24.511645375523983,21.0,-0.06806068673048027
THYAO,BIST,1h,E2_RSI50,46,52.17391304347826,0.5233142166540096,-16.344235813638917,-20.783513960651277,11.3,-0.3709203837397865
GARAN,BIST,4h,E2_ST,44,61.36363636363637,2.2044421440700614,184.26807327663667,-38.33943119565465,37.28,2.8047011328707865
GARAN,BIST,4h,E1_ST,70,54.285714285714285,1.8767594031345942,524.5967330167831,-43.87310891346547,63.18,3.369076869419011
GARAN,BIST,4h,ST_ONLY,102,45.09803921568628,1.4268152578728985,376.3640550564233,-44.21201388594048,55.78,2.027820964297723
GARAN,BIST,4h,E2_TIME20,49,59.183673469387756,1.5359771106643207,81.77161144098271,-33.68222864674176,20.58,1.5140059579922733
GARAN,BIST,4h,E2_RSI50,49,77.55102040816327,2.3683462592682476,67.42081907554504,-34.999483718752614,6.22,1.1383874169906996
GARAN,BIST,1h,E2_ST,47,46.808510638297875,1.152684074467176,10.386608199282898,-24.128392400048003,41.18,0.3128430138715765
GARAN,BIST,1h,E1_ST,78,47.43589743589744,1.1777221759452234,21.28801129922644,-28.23927901877018,68.92,0.3450762617262858
GARAN,BIST,1h,ST_ONLY,100,37.0,0.9406676274536261,-8.312377636054958,-27.145883573964944,53.0,-0.016596276214860484
GARAN,BIST,1h,E2_TIME20,53,50.943396226415096,1.0635602800975066,3.8266502870879737,-17.71855899472481,22.26,0.11271792476205636
GARAN,BIST,1h,E2_RSI50,54,64.81481481481481,1.0134196140039187,0.42687125206255505,-13.621267198149646,11.46,0.028245928770073807
ASELS,BIST,4h,E2_ST,37,75.67567567567568,5.423441948228926,636.5290329341806,-23.99947334629472,38.84,6.083542792581512
ASELS,BIST,4h,E1_ST,62,64.51612903225806,4.122475343048323,1610.8211077810754,-26.749569155943654,69.96,5.2845118588809585
ASELS,BIST,4h,ST_ONLY,81,50.617283950617285,2.758953980098866,3178.047663310997,-26.86227403565795,62.74,5.337969807063163
ASELS,BIST,4h,E2_TIME20,43,69.76744186046511,4.219262497928163,359.8464842843474,-15.295612401766668,18.06,3.866307315656491
ASELS,BIST,4h,E2_RSI50,44,75.0,3.176636982262812,58.355039066148606,-15.580059244596423,5.86,1.0794594077374409
ASELS,BIST,1h,E2_ST,37,59.45945945945946,1.9993439371331152,83.5464387822164,-19.70195668895156,34.38,1.8356676536736394
ASELS,BIST,1h,E1_ST,69,59.42028985507246,2.0943123486951256,276.62132862315605,-26.40335601097531,66.0,2.1418455687910125
ASELS,BIST,1h,ST_ONLY,95,50.526315789473685,2.2312876806756896,322.8133121432574,-17.04390428716668,54.82,1.705072049779268
ASELS,BIST,1h,E2_TIME20,45,53.333333333333336,1.4672298567000424,31.78580505077695,-20.42682659133157,18.9,0.684751566395147
ASELS,BIST,1h,E2_RSI50,43,65.11627906976744,1.3775727777561027,10.119922455247355,-13.739708962738339,7.88,0.24551237826287986
BIMAS,BIST,4h,E2_ST,35,65.71428571428571,2.3714200975112427,85.02564506330476,-26.549373385660324,32.06,1.9596995466235076
BIMAS,BIST,4h,E1_ST,71,66.19718309859155,3.8715646276557814,962.9432080865694,-28.121566054301937,68.2,3.676071492013322
BIMAS,BIST,4h,ST_ONLY,94,47.87234042553192,1.7409417856615639,356.078323495775,-33.78666357798497,57.2,1.8559519596808374
BIMAS,BIST,4h,E2_TIME20,42,66.66666666666667,3.608648181270051,204.0389909252783,-19.59514801854486,17.64,2.8199190092030175
BIMAS,BIST,4h,E2_RSI50,45,82.22222222222223,2.7771811488738516,43.56645218564186,-12.23594262996791,5.9,0.8345683327563278
BIMAS,BIST,1h,E2_ST,48,54.166666666666664,2.548001191171469,89.24300446322981,-16.04755944551821,39.3,1.411627428758464
BIMAS,BIST,1h,E1_ST,82,50.0,1.4298950672247552,53.08257249382626,-23.99943263755744,69.32,0.6035800156289194
BIMAS,BIST,1h,ST_ONLY,102,39.21568627450981,1.1013930729883405,14.833093108866734,-25.159551714175123,51.72,0.18554214786444193
BIMAS,BIST,1h,E2_TIME20,54,55.55555555555556,1.8656088982079024,57.71888638954707,-18.212179049192635,22.68,0.9234123660084492
BIMAS,BIST,1h,E2_RSI50,51,54.90196078431372,0.9087027169018687,-2.025390904892843,-16.83080837198626,10.28,-0.0286922078904716
TUPRS,BIST,4h,E2_ST,41,60.97560975609756,2.910541464996259,307.6686894777283,-43.179769027706406,41.26,4.131156542526375
TUPRS,BIST,4h,E1_ST,71,52.11267605633803,2.6086103661394238,641.031130001776,-47.58239142121178,65.92,3.3990156469933677
TUPRS,BIST,4h,ST_ONLY,93,47.31182795698925,2.7443733607766507,1913.1273300803414,-26.036532095753973,54.56,3.73095308199242
TUPRS,BIST,4h,E2_TIME20,51,45.09803921568628,1.2424139389037858,35.2953702631003,-42.239073726405366,21.42,0.8988613288733136
TUPRS,BIST,4h,E2_RSI50,47,57.4468085106383,0.5320296634375291,-32.37317542837859,-36.57092046094462,11.5,-0.6802770540416022
TUPRS,BIST,1h,E2_ST,41,53.65853658536585,2.2036229200330806,46.346961031018516,-12.17843851876237,36.52,0.9944811690244797
TUPRS,BIST,1h,E1_ST,64,48.4375,1.3645375986515444,32.45951059345682,-25.32353560673747,69.94,0.5405406577209636
TUPRS,BIST,1h,ST_ONLY,84,44.04761904761905,2.0805335009511103,123.61716581912528,-30.463986809796772,52.38,1.0674962405505704
TUPRS,BIST,1h,E2_TIME20,47,55.319148936170215,2.1255302912327387,46.62697292478168,-8.14275140187556,19.74,0.8630418119496941
TUPRS,BIST,1h,E2_RSI50,46,71.73913043478261,2.2924207148342046,18.069829276140204,-6.612222770919962,8.68,0.36955251239039466
SPY,AMEX,4h,E2_ST,29,65.51724137931035,2.7640362561047587,73.59651359010813,-17.89061923389181,24.6,2.044918887077183
SPY,AMEX,4h,E1_ST,66,62.121212121212125,1.9339414960495382,96.6250046489861,-29.56824444680054,51.9,1.1200017295890137
SPY,AMEX,4h,ST_ONLY,119,46.21848739495798,1.2761958096260542,44.861585961077324,-29.431881667175396,64.04,0.3742469091869924
SPY,AMEX,4h,E2_TIME20,28,57.142857142857146,1.8838359245799028,30.035162765929122,-17.8906192338918,11.76,1.0052698056782883
SPY,AMEX,4h,E2_RSI50,32,75.0,2.3329095199095824,22.385799776542072,-17.89061923389179,4.76,0.6504235977304383
SPY,AMEX,1h,E2_ST,34,52.94117647058823,2.682446812616485,32.29955354763332,-8.990372917327772,30.82,0.8593482670489601
SPY,AMEX,1h,E1_ST,69,44.927536231884055,1.535391208821067,26.268100547720486,-13.49512927382892,58.02,0.3642635492568861
SPY,AMEX,1h,ST_ONLY,107,33.64485981308411,1.0687258002709825,5.131857964648878,-16.61662989967805,61.16,0.06427223267583229
SPY,AMEX,1h,E2_TIME20,36,63.888888888888886,1.7749531203243496,12.551677503045688,-6.79734637730146,14.96,0.3400016076595366
SPY,AMEX,1h,E2_RSI50,36,58.333333333333336,1.832141173868911,5.655951888076571,-2.974081868797429,5.74,0.1549555324453404
QQQ,NASDAQ,4h,E2_ST,34,58.8235294117647,2.6476614523745794,114.62965565306024,-28.576977099739565,28.14,2.4787746921663794
QQQ,NASDAQ,4h,E1_ST,65,56.92307692307692,1.587095608606412,80.40423348365428,-37.956257507272774,53.42,1.0702401127516046
QQQ,NASDAQ,4h,ST_ONLY,121,47.93388429752066,1.296711233040195,61.14498834193882,-30.745890020306867,60.74,0.4894483939291569
QQQ,NASDAQ,4h,E2_TIME20,33,63.63636363636363,2.1808513485586527,58.53526662347321,-16.20708030395749,13.86,1.501150985314495
QQQ,NASDAQ,4h,E2_RSI50,35,65.71428571428571,2.132315819742264,25.176888842892154,-12.507733553309974,5.6,0.6661756367959394
QQQ,NASDAQ,1h,E2_ST,33,60.60606060606061,3.6283800140035103,60.86261799781902,-12.175612111506718,31.08,1.5272597584839291
QQQ,NASDAQ,1h,E1_ST,73,49.31506849315068,1.8074147692384794,64.06784544364392,-17.591812528849037,64.04,0.7337569933261022
QQQ,NASDAQ,1h,ST_ONLY,104,36.53846153846154,1.2725824299119353,26.677382507366353,-14.974911556868342,62.36,0.26388884346537467
QQQ,NASDAQ,1h,E2_TIME20,35,65.71428571428571,1.7054433710313595,15.117265658971156,-9.718075053441467,14.58,0.4243215479965122
QQQ,NASDAQ,1h,E2_RSI50,34,73.52941176470588,1.9907021342741231,9.774378280901042,-5.547141996904569,6.44,0.28013952002784154
AAPL,NASDAQ,4h,E2_ST,39,71.7948717948718,3.3539209630965097,311.26848521090443,-34.6051184921267,41.2,4.153507827882428
AAPL,NASDAQ,4h,E1_ST,63,58.73015873015873,2.2343477273909027,309.8770188779505,-38.791170609267745,64.44,2.625892074445959
AAPL,NASDAQ,4h,ST_ONLY,100,51.0,1.874955489287924,369.17891453306834,-27.028529253173495,57.54,1.7568202289391013
AAPL,NASDAQ,4h,E2_TIME20,44,54.54545454545455,1.4711961753556182,53.57230390284386,-36.93854587355888,18.34,1.1863680778720593
AAPL,NASDAQ,4h,E2_RSI50,45,68.88888888888889,1.5353373905749792,19.51487330859929,-30.125184014430783,7.98,0.43497435343874324
AAPL,NASDAQ,1h,E2_ST,35,42.857142857142854,1.4087089137337399,16.991961461855354,-13.013272544445053,33.5,0.5119060882491163
AAPL,NASDAQ,1h,E1_ST,70,47.142857142857146,1.5037655687717162,42.676396865350654,-24.61207984718231,66.9,0.5853436555241764
AAPL,NASDAQ,1h,ST_ONLY,94,38.297872340425535,1.2165203208100048,23.01960030467527,-21.656261580334125,56.92,0.2686250236495382
AAPL,NASDAQ,1h,E2_TIME20,39,35.8974358974359,0.7583485856501492,-10.308655158467772,-16.095338196033104,16.38,-0.244007865354523
AAPL,NASDAQ,1h,E2_RSI50,42,61.904761904761905,1.5107867376816544,10.162978975270232,-8.722527472527485,8.52,0.24371023293202118
MSFT,NASDAQ,4h,E2_ST,31,45.16129032258065,1.1363046330675022,10.57960512918954,-40.218300330086066,20.82,0.4882436176129529
MSFT,NASDAQ,4h,E1_ST,76,52.63157894736842,1.4795927571834113,128.69987620087343,-29.57564037512427,60.56,1.2968920808991167
MSFT,NASDAQ,4h,ST_ONLY,113,39.823008849557525,1.0409141804090385,9.206544665908488,-40.06672722004725,57.98,0.23031533325914155
MSFT,NASDAQ,4h,E2_TIME20,31,58.064516129032256,1.489622411261238,28.814683585113098,-30.61035246100625,13.02,0.9271412531808786
MSFT,NASDAQ,4h,E2_RSI50,34,67.6470588235294,1.8654523368675973,21.880948133611234,-13.364631938923798,5.06,0.6145580227383185
MSFT,NASDAQ,1h,E2_ST,36,41.666666666666664,1.4769235548752193,30.306898047417306,-25.646909380632298,39.3,0.9800126431483298
MSFT,NASDAQ,1h,E1_ST,62,53.225806451612904,1.0253914658467997,2.664179962693125,-40.321841954683926,66.14,0.19942070843721368
MSFT,NASDAQ,1h,ST_ONLY,92,30.434782608695652,1.1649131502705687,16.120525613949322,-28.26709531526802,52.34,0.25791810791008735
MSFT,NASDAQ,1h,E2_TIME20,48,41.666666666666664,0.9412878524839091,-3.2884253791796048,-17.70699280810276,20.16,-0.016954202714558837
MSFT,NASDAQ,1h,E2_RSI50,45,64.44444444444444,1.0503004869260648,1.3226840853433508,-11.013011009675644,11.18,0.04151922238527413
NVDA,NASDAQ,4h,E2_ST,36,58.333333333333336,3.946165935515263,591.2583892790727,-43.91138959446158,29.76,6.8907251299243635
NVDA,NASDAQ,4h,E1_ST,64,65.625,1.2799527649472755,210.52435530761718,-60.657661216949876,54.12,2.7463908060651625
NVDA,NASDAQ,4h,ST_ONLY,112,49.107142857142854,1.5211526205917032,1492.4514367335037,-56.404952856813885,56.32,3.21793374120978
NVDA,NASDAQ,4h,E2_TIME20,37,64.86486486486487,2.691722814999154,213.4868945430683,-39.33016215810476,15.54,3.579257046072621
NVDA,NASDAQ,4h,E2_RSI50,38,78.94736842105263,2.4741755383201167,75.88968558312641,-30.097757013616246,6.52,1.6332605010430201
NVDA,NASDAQ,1h,E2_ST,38,52.63157894736842,2.7915971936495256,206.50022390000967,-27.37735804298137,34.16,3.2991991616098204
NVDA,NASDAQ,1h,E1_ST,67,52.23880597014925,2.239322940651276,256.2913304921515,-28.116559462035372,60.62,2.1609083410779917
NVDA,NASDAQ,1h,ST_ONLY,96,48.958333333333336,1.4469525087489243,142.40137968172513,-34.438402086011955,56.7,1.107395661748678
NVDA,NASDAQ,1h,E2_TIME20,41,60.97560975609756,2.356875158985112,85.61192422496492,-18.38146779481924,17.12,1.6231142117430981
NVDA,NASDAQ,1h,E2_RSI50,46,76.08695652173913,3.1621686152587896,67.21752446015086,-8.707071208835583,6.9,1.1620493391245328
AMZN,NASDAQ,4h,E2_ST,33,60.60606060606061,1.5508229253237396,75.050258656843,-38.1356168955661,26.26,2.1762078961308906
AMZN,NASDAQ,4h,E1_ST,74,59.45945945945946,1.6916953359920448,279.53555106652794,-45.62214914798979,57.88,2.133476087523615
AMZN,NASDAQ,4h,ST_ONLY,114,44.73684210526316,1.2441207369297143,83.23949777859099,-50.53273257337108,56.82,0.7225674913213578
AMZN,NASDAQ,4h,E2_TIME20,37,51.351351351351354,1.2847979454366278,32.35606784915783,-30.2354281240362,15.54,1.0122525448780795
AMZN,NASDAQ,4h,E2_RSI50,39,76.92307692307692,2.0340179015269912,46.09855528421674,-16.95815378737625,5.96,1.045419297458423
AMZN,NASDAQ,1h,E2_ST,39,46.15384615384615,1.1928243265461207,12.422337239036496,-25.500099268822495,33.02,0.43231405600811756
AMZN,NASDAQ,1h,E1_ST,74,52.7027027027027,1.2242954358463787,31.952029398516313,-29.941808614480593,64.24,0.5093477303945468
AMZN,NASDAQ,1h,ST_ONLY,101,34.65346534653465,0.983110731328871,-2.4243127096533645,-29.878423333247518,53.4,0.04898231262427009
AMZN,NASDAQ,1h,E2_TIME20,45,57.77777777777778,1.12768654591814,8.004925705665599,-19.01564286851548,18.9,0.23123531873418152
AMZN,NASDAQ,1h,E2_RSI50,47,65.95744680851064,0.8291952801751677,-6.02304157807284,-18.802870498393652,8.12,-0.0989465737298296
TSLA,NASDAQ,4h,E2_ST,49,48.97959183673469,1.2645439302987305,108.25646370709809,-67.2698646508083,37.34,2.620593094773477
TSLA,NASDAQ,4h,E1_ST,73,45.205479452054796,0.9924336976255607,-5.955940794652326,-86.7816926907972,62.44,1.383664668508889
TSLA,NASDAQ,4h,ST_ONLY,108,36.111111111111114,1.3580140334136674,1286.588365688797,-47.222775232978776,52.88,3.8975330037528613
TSLA,NASDAQ,4h,E2_TIME20,53,49.056603773584904,1.1267626725289475,54.01334635825465,-67.7126146623483,22.26,1.499199196657593
TSLA,NASDAQ,4h,E2_RSI50,53,66.0377358490566,1.1868586000027106,28.239248477495348,-44.5511149182081,9.32,0.7244347531743258
TSLA,NASDAQ,1h,E2_ST,48,58.333333333333336,2.0723846579222376,223.93938419641657,-35.74625352961173,38.78,2.9718402111062097
TSLA,NASDAQ,1h,E1_ST,77,50.64935064935065,1.415845064106104,162.23867903172496,-53.3307546586439,67.84,1.7486698555165259
TSLA,NASDAQ,1h,ST_ONLY,104,30.76923076923077,0.955750899291205,-13.619400179277342,-51.73713061785521,49.4,0.14605588385127055
TSLA,NASDAQ,1h,E2_TIME20,51,58.8235294117647,3.3681547530081515,257.54332425934757,-17.199989624246115,21.42,2.6924666675761677
TSLA,NASDAQ,1h,E2_RSI50,52,76.92307692307692,2.5932672315292775,69.44312112918378,-13.728591853843808,9.44,1.0722315372054612
